Entry,iso_code,continent,location,date,total_cases,new_cases,new_cases_smoothed,total_deaths,new_deaths,new_deaths_smoothed,total_cases_per_million,new_cases_per_million,new_cases_smoothed_per_million,total_deaths_per_million,new_deaths_per_million,new_deaths_smoothed_per_million,reproduction_rate,icu_patients,icu_patients_per_million,hosp_patients,hosp_patients_per_million,weekly_icu_admissions,weekly_icu_admissions_per_million,weekly_hosp_admissions,weekly_hosp_admissions_per_million,total_tests,new_tests,total_tests_per_thousand,new_tests_per_thousand,new_tests_smoothed,new_tests_smoothed_per_thousand,positive_rate,tests_per_case,tests_units,total_vaccinations,people_vaccinated,people_fully_vaccinated,total_boosters,new_vaccinations,new_vaccinations_smoothed,total_vaccinations_per_hundred,people_vaccinated_per_hundred,people_fully_vaccinated_per_hundred,total_boosters_per_hundred,new_vaccinations_smoothed_per_million,new_people_vaccinated_smoothed,new_people_vaccinated_smoothed_per_hundred,stringency_index,population_density,median_age,aged_65_older,aged_70_older,gdp_per_capita,extreme_poverty,cardiovasc_death_rate,diabetes_prevalence,female_smokers,male_smokers,handwashing_facilities,hospital_beds_per_thousand,life_expectancy,human_development_index,population,excess_mortality_cumulative_absolute,excess_mortality_cumulative,excess_mortality,excess_mortality_cumulative_per_million
404147,USA,North America,United States,2021-12-01,47976346.0,0.0,84627.714,775631.0,0.0,812.857,140473.1,0.0,247.787,2271.021,0.0,2.38,1.25,13671.0,40.412,53311.0,157.59,,,46673.0,137.967,673848613.0,1970662.0,1999.565,5.848,1211409.0,3.595,0.078,12.8,tests performed,477370837.0,234264679.0,202953700.0,50506232.0,2209329.0,1228558.0,143.78,70.56,61.13,15.21,3700.0,266856.0,0.08,48.66,35.608,38.3,15.413,9.732,54225.446,1.2,151.089,10.79,19.1,24.6,,2.77,78.86,0.926,338289856,,,,
404148,USA,North America,United States,2021-12-02,47976346.0,0.0,84627.714,775631.0,0.0,812.857,140473.1,0.0,247.787,2271.021,0.0,2.38,1.25,13772.0,40.711,53587.0,158.406,,,47527.0,140.492,675895951.0,2047338.0,2005.64,6.075,1395855.0,4.142,0.076,13.2,tests performed,479568318.0,234705085.0,203354229.0,51872995.0,2197481.0,1538256.0,144.44,70.69,61.25,15.62,4633.0,328510.0,0.099,48.65,35.608,38.3,15.413,9.732,54225.446,1.2,151.089,10.79,19.1,24.6,,2.77,78.86,0.926,338289856,,,,
404149,USA,North America,United States,2021-12-03,47976346.0,0.0,84627.714,775631.0,0.0,812.857,140473.1,0.0,247.787,2271.021,0.0,2.38,1.23,13888.0,41.054,54392.0,160.785,,,49644.0,146.75,677833193.0,1937242.0,2011.389,5.749,1563376.0,4.639,0.074,13.5,tests performed,482047790.0,235184112.0,203854914.0,53382177.0,2479472.0,1717963.0,145.19,70.84,61.4,16.08,5174.0,353016.0,0.106,48.63,35.608,38.3,15.413,9.732,54225.446,1.2,151.089,10.79,19.1,24.6,,2.77,78.86,0.926,338289856,,,,
404150,USA,North America,United States,2021-12-04,47976346.0,0.0,84627.714,775631.0,0.0,812.857,140473.1,0.0,247.787,2271.021,0.0,2.38,1.2,13942.0,41.213,54572.0,161.317,,,50493.0,149.26,679203444.0,1370251.0,2015.455,4.066,1629664.0,4.836,0.073,13.7,tests performed,483549682.0,235479259.0,204317809.0,54129642.0,1501892.0,1803410.0,145.64,70.93,61.54,16.3,5432.0,364491.0,0.11,48.61,35.608,38.3,15.413,9.732,54225.446,1.2,151.089,10.79,19.1,24.6,,2.77,78.86,0.926,338289856,,,,
404151,USA,North America,United States,2021-12-05,48727363.0,751017.0,107288.143,783935.0,8304.0,1186.286,142672.05,2198.952,314.136,2295.335,24.314,3.473,1.17,14149.0,41.825,55670.0,164.563,,,51297.0,151.636,680022002.0,818558.0,2017.884,2.429,1629526.0,4.835,0.073,13.7,tests performed,484289046.0,235641697.0,204510766.0,54515952.0,739364.0,1823545.0,145.87,70.97,61.6,16.42,5492.0,367871.0,0.111,48.6,35.608,38.3,15.413,9.732,54225.446,1.2,151.089,10.79,19.1,24.6,,2.77,78.86,0.926,338289856,934750.06,16.52,22.44,2773.7585
404152,USA,North America,United States,2021-12-06,48727363.0,0.0,107288.143,783935.0,0.0,1186.286,142672.05,0.0,314.136,2295.335,0.0,3.473,1.14,14455.0,42.73,57447.0,169.816,,,51847.0,153.262,681317036.0,1295034.0,2021.727,3.843,1618990.0,4.804,0.073,13.7,tests performed,486144144.0,236023505.0,204841482.0,55665403.0,1855098.0,1847858.0,146.43,71.09,61.7,16.77,5566.0,373004.0,0.112,48.59,35.608,38.3,15.413,9.732,54225.446,1.2,151.089,10.79,19.1,24.6,,2.77,78.86,0.926,338289856,,,,
404153,USA,North America,United States,2021-12-07,48727363.0,0.0,107288.143,783935.0,0.0,1186.286,142672.05,0.0,314.136,2295.335,0.0,3.473,1.13,14771.0,43.664,58938.0,174.223,,,52788.0,156.044,683265512.0,1948476.0,2027.508,5.782,1626794.0,4.827,0.072,13.9,tests performed,488077793.0,236419094.0,205188659.0,56864150.0,1933649.0,1845184.0,147.01,71.21,61.8,17.13,5558.0,372643.0,0.112,48.58,35.608,38.3,15.413,9.732,54225.446,1.2,151.089,10.79,19.1,24.6,,2.77,78.86,0.926,338289856,,,,
404154,USA,North America,United States,2021-12-08,48727363.0,0.0,107288.143,783935.0,0.0,1186.286,142672.05,0.0,314.136,2295.335,0.0,3.473,1.12,14901.0,44.048,59721.0,176.538,,,53647.0,158.583,685318658.0,2053146.0,2033.601,6.092,1638578.0,4.862,0.071,14.1,tests performed,490027226.0,236818857.0,205546716.0,58064083.0,1949433.0,1808056.0,147.59,71.33,61.91,17.49,5446.0,364883.0,0.11,48.57,35.608,38.3,15.413,9.732,54225.446,1.2,151.089,10.79,19.1,24.6,,2.77,78.86,0.926,338289856,,,,
404155,USA,North America,United States,2021-12-09,48727363.0,0.0,107288.143,783935.0,0.0,1186.286,142672.05,0.0,314.136,2295.335,0.0,3.473,1.12,14992.0,44.317,60371.0,178.459,,,54693.0,161.675,687235183.0,1916525.0,2039.288,5.687,1619890.0,4.807,0.071,14.1,tests performed,491975536.0,237214719.0,205891338.0,59279160.0,1948310.0,1772460.0,148.18,71.45,62.01,17.85,5339.0,358519.0,0.108,48.55,35.608,38.3,15.413,9.732,54225.446,1.2,151.089,10.79,19.1,24.6,,2.77,78.86,0.926,338289856,,,,
404156,USA,North America,United States,2021-12-10,48727363.0,0.0,107288.143,783935.0,0.0,1186.286,142672.05,0.0,314.136,2295.335,0.0,3.473,1.12,15236.0,45.038,61162.0,180.798,,,55244.0,163.304,689087758.0,1852575.0,2044.785,5.497,1607795.0,4.771,0.071,14.1,tests performed,494116999.0,237632372.0,206296674.0,60604307.0,2141463.0,1724173.0,148.83,71.57,62.14,18.25,5193.0,349751.0,0.105,48.54,35.608,38.3,15.413,9.732,54225.446,1.2,151.089,10.79,19.1,24.6,,2.77,78.86,0.926,338289856,,,,
404157,USA,North America,United States,2021-12-11,48727363.0,0.0,107288.143,783935.0,0.0,1186.286,142672.05,0.0,314.136,2295.335,0.0,3.473,1.12,15326.0,45.304,60921.0,180.085,,,55620.0,164.415,690392308.0,1304550.0,2048.656,3.871,1598409.0,4.743,0.071,14.1,tests performed,495387747.0,237894122.0,206639239.0,61273601.0,1270748.0,1691152.0,149.21,71.65,62.24,18.46,5094.0,344980.0,0.104,48.53,35.608,38.3,15.413,9.732,54225.446,1.2,151.089,10.79,19.1,24.6,,2.77,78.86,0.926,338289856,,,,
404158,USA,North America,United States,2021-12-12,49562332.0,834969.0,119281.286,792521.0,8586.0,1226.571,145116.81,2444.761,349.252,2320.474,25.14,3.591,1.11,15595.0,46.1,61722.0,182.453,,,56020.0,165.598,691202643.0,810335.0,2051.061,2.405,1597234.0,4.74,0.071,14.1,tests performed,496026495.0,238043102.0,206770864.0,61634398.0,638748.0,1676778.0,149.4,71.7,62.28,18.56,5050.0,343058.0,0.103,48.52,35.608,38.3,15.413,9.732,54225.446,1.2,151.089,10.79,19.1,24.6,,2.77,78.86,0.926,338289856,948543.75,16.59,23.7,2814.6897
404159,USA,North America,United States,2021-12-13,49562332.0,0.0,119281.286,792521.0,0.0,1226.571,145116.81,0.0,349.252,2320.474,0.0,3.591,1.11,15914.0,47.042,63084.0,186.479,,,55868.0,165.148,692563758.0,1361115.0,2055.1,4.039,1606675.0,4.768,0.071,14.1,tests performed,497661346.0,238382814.0,207054085.0,62653416.0,1634851.0,1645315.0,149.89,71.8,62.36,18.87,4956.0,337044.0,0.102,48.51,35.608,38.3,15.413,9.732,54225.446,1.2,151.089,10.79,19.1,24.6,,2.77,78.86,0.926,338289856,,,,
404160,USA,North America,United States,2021-12-14,49562332.0,0.0,119281.286,792521.0,0.0,1226.571,145116.81,0.0,349.252,2320.474,0.0,3.591,1.12,15993.0,47.276,63244.0,186.952,,,55601.0,164.359,694536128.0,1972370.0,2060.953,5.853,1610088.0,4.778,0.073,13.7,tests performed,499402632.0,238743574.0,207346014.0,63750335.0,1741286.0,1617834.0,150.42,71.91,62.45,19.2,4873.0,332069.0,0.1,48.5,35.608,38.3,15.413,9.732,54225.446,1.2,151.089,10.79,19.1,24.6,,2.77,78.86,0.926,338289856,,,,
404161,USA,North America,United States,2021-12-15,49562332.0,0.0,119281.286,792521.0,0.0,1226.571,145116.81,0.0,349.252,2320.474,0.0,3.591,1.15,15896.0,46.989,63226.0,186.899,,,55442.0,163.889,696659360.0,2123232.0,2067.253,6.3,1620100.0,4.807,0.076,13.2,tests performed,501144913.0,239115179.0,207611589.0,64863241.0,1742281.0,1588241.0,150.94,72.02,62.53,19.54,4784.0,328046.0,0.099,48.49,35.608,38.3,15.413,9.732,54225.446,1.2,151.089,10.79,19.1,24.6,,2.77,78.86,0.926,338289856,,,,
404162,USA,North America,United States,2021-12-16,49562332.0,0.0,119281.286,792521.0,0.0,1226.571,145116.81,0.0,349.252,2320.474,0.0,3.591,1.19,15909.0,47.028,63105.0,186.541,,,55277.0,163.401,698753993.0,2094633.0,2073.469,6.216,1645544.0,4.883,0.08,12.5,tests performed,502854525.0,239498074.0,207783888.0,66025332.0,1709612.0,1554141.0,151.46,72.14,62.58,19.89,4681.0,326194.0,0.098,48.49,35.608,38.3,15.413,9.732,54225.446,1.2,151.089,10.79,19.1,24.6,,2.77,78.86,0.926,338289856,,,,
404163,USA,North America,United States,2021-12-17,49562332.0,0.0,119281.286,792521.0,0.0,1226.571,145116.81,0.0,349.252,2320.474,0.0,3.591,1.24,15941.0,47.122,63090.0,186.497,,,55249.0,163.319,700749979.0,1995986.0,2079.391,5.923,1666032.0,4.944,0.085,11.8,tests performed,504815550.0,239923772.0,208040317.0,67307601.0,1961025.0,1528364.0,152.05,72.26,62.66,20.27,4603.0,327343.0,0.099,48.48,35.608,38.3,15.413,9.732,54225.446,1.2,151.089,10.79,19.1,24.6,,2.77,78.86,0.926,338289856,,,,
404164,USA,North America,United States,2021-12-18,49562332.0,0.0,119281.286,792521.0,0.0,1226.571,145116.81,0.0,349.252,2320.474,0.0,3.591,1.27,15906.0,47.019,62004.0,183.287,,,55246.0,163.31,702233211.0,1483232.0,2083.793,4.401,1691558.0,5.019,0.089,11.2,tests performed,505947076.0,240206182.0,208205032.0,67993162.0,1131526.0,1508476.0,152.39,72.35,62.71,20.48,4543.0,330294.0,0.099,48.47,35.608,38.3,15.413,9.732,54225.446,1.2,151.089,10.79,19.1,24.6,,2.77,78.86,0.926,338289856,,,,
404165,USA,North America,United States,2021-12-19,50461441.0,899109.0,128444.143,801586.0,9065.0,1295.0,147749.38,2632.56,376.08,2347.016,26.542,3.792,1.3,15983.0,47.246,62545.0,184.886,,,55367.0,163.667,703274121.0,1040910.0,2086.882,3.089,1724497.0,5.117,0.092,10.9,tests performed,506593781.0,240372099.0,208287813.0,68391646.0,646705.0,1509612.0,152.58,72.4,62.74,20.6,4547.0,332714.0,0.1,48.47,35.608,38.3,15.413,9.732,54225.446,1.2,151.089,10.79,19.1,24.6,,2.77,78.86,0.926,338289856,960521.6,16.63,20.23,2850.2327
404166,USA,North America,United States,2021-12-20,50461441.0,0.0,128444.143,801586.0,0.0,1295.0,147749.38,0.0,376.08,2347.016,0.0,3.792,1.32,16210.0,47.917,63764.0,188.489,,,55960.0,165.42,704852303.0,1578182.0,2091.565,4.683,1755506.0,5.209,0.099,10.1,tests performed,508454369.0,240806068.0,208517246.0,69591434.0,1860588.0,1541860.0,153.14,72.53,62.8,20.96,4644.0,346179.0,0.104,48.46,35.608,38.3,15.413,9.732,54225.446,1.2,151.089,10.79,19.1,24.6,,2.77,78.86,0.926,338289856,,,,
404167,USA,North America,United States,2021-12-21,50461441.0,0.0,128444.143,801586.0,0.0,1295.0,147749.38,0.0,376.08,2347.016,0.0,3.792,1.37,16148.0,47.734,64086.0,189.441,,,56671.0,167.522,707071273.0,2218970.0,2098.149,6.585,1790735.0,5.314,0.11,9.1,tests performed,510447413.0,241264293.0,208762583.0,70882481.0,1993044.0,1577826.0,153.75,72.67,62.88,21.35,4752.0,360103.0,0.108,48.45,35.608,38.3,15.413,9.732,54225.446,1.2,151.089,10.79,19.1,24.6,,2.77,78.86,0.926,338289856,,,,
404168,USA,North America,United States,2021-12-22,50461441.0,0.0,128444.143,801586.0,0.0,1295.0,147749.38,0.0,376.08,2347.016,0.0,3.792,1.41,16251.0,48.039,65043.0,192.27,,,57800.0,170.859,709491742.0,2420469.0,2105.332,7.182,1833197.0,5.44,0.122,8.2,tests performed,512331805.0,241704145.0,209004347.0,72088439.0,1884392.0,1598127.0,154.31,72.8,62.95,21.71,4814.0,369852.0,0.111,48.44,35.608,38.3,15.413,9.732,54225.446,1.2,151.089,10.79,19.1,24.6,,2.77,78.86,0.926,338289856,,,,
404169,USA,North America,United States,2021-12-23,50461441.0,0.0,128444.143,801586.0,0.0,1295.0,147749.38,0.0,376.08,2347.016,0.0,3.792,1.45,16187.0,47.849,65661.0,194.097,,,59277.0,175.225,711898022.0,2406280.0,2112.472,7.14,1877718.0,5.572,0.135,7.4,tests performed,513808865.0,242066720.0,209184233.0,73026045.0,1477060.0,1564906.0,154.76,72.91,63.01,22.0,4713.0,366949.0,0.111,48.43,35.608,38.3,15.413,9.732,54225.446,1.2,151.089,10.79,19.1,24.6,,2.77,78.86,0.926,338289856,,,,
404170,USA,North America,United States,2021-12-24,50461441.0,0.0,128444.143,801586.0,0.0,1295.0,147749.38,0.0,376.08,2347.016,0.0,3.792,1.47,16240.0,48.006,65821.0,194.57,,,60610.0,179.166,713685215.0,1787193.0,2117.775,5.303,1847891.0,5.483,0.147,6.8,tests performed,514192705.0,242167663.0,209241747.0,73253424.0,383840.0,1339594.0,154.87,72.94,63.02,22.06,4035.0,320556.0,0.097,48.43,35.608,38.3,15.413,9.732,54225.446,1.2,151.089,10.79,19.1,24.6,,2.77,78.86,0.926,338289856,,,,
404171,USA,North America,United States,2021-12-25,50461441.0,0.0,128444.143,801586.0,0.0,1295.0,147749.38,0.0,376.08,2347.016,0.0,3.792,1.51,16356.0,48.349,66446.0,196.417,,,61860.0,182.861,714632552.0,947337.0,2120.586,2.811,1771334.0,5.256,0.156,6.4,tests performed,514199722.0,242169779.0,209242800.0,73257278.0,7017.0,1178949.0,154.88,72.94,63.02,22.06,3551.0,280514.0,0.084,48.43,35.608,38.3,15.413,9.732,54225.446,1.2,151.089,10.79,19.1,24.6,,2.77,78.86,0.926,338289856,,,,
404172,USA,North America,United States,2021-12-26,51878860.0,1417419.0,202488.429,812587.0,11001.0,1571.571,151899.53,4150.154,592.879,2379.227,32.211,4.602,1.58,16590.0,49.041,69732.0,206.131,,,64092.0,189.459,715600584.0,968032.0,2123.459,2.873,1760923.0,5.225,0.164,6.1,tests performed,514683134.0,242298905.0,209327540.0,73527448.0,483412.0,1155622.0,155.02,72.98,63.05,22.15,3481.0,275258.0,0.083,48.43,35.608,38.3,15.413,9.732,54225.446,1.2,151.089,10.79,19.1,24.6,,2.77,78.86,0.926,338289856,973255.3,16.68,21.44,2888.0183
404173,USA,North America,United States,2021-12-27,51878860.0,0.0,202488.429,812587.0,0.0,1571.571,151899.53,0.0,592.879,2379.227,0.0,4.602,1.63,17075.0,50.474,74692.0,220.793,,,67582.0,199.775,717318772.0,1718188.0,2128.557,5.099,1780924.0,5.285,0.18,5.6,tests performed,516223913.0,242687292.0,209560799.0,74449193.0,1540779.0,1109935.0,155.48,73.1,63.12,22.42,3343.0,268746.0,0.081,51.2,35.608,38.3,15.413,9.732,54225.446,1.2,151.089,10.79,19.1,24.6,,2.77,78.86,0.926,338289856,,,,
404174,USA,North America,United States,2021-12-28,51878860.0,0.0,202488.429,812587.0,0.0,1571.571,151899.53,0.0,592.879,2379.227,0.0,4.602,1.66,17274.0,51.063,79671.0,235.511,,,72636.0,214.715,719633511.0,2314739.0,2135.426,6.869,1794605.0,5.325,0.202,5.0,tests performed,517933952.0,243116377.0,209806691.0,75487275.0,1710039.0,1069506.0,156.0,73.23,63.19,22.74,3221.0,264583.0,0.08,51.19,35.608,38.3,15.413,9.732,54225.446,1.2,151.089,10.79,19.1,24.6,,2.77,78.86,0.926,338289856,,,,
404175,USA,North America,United States,2021-12-29,51878860.0,0.0,202488.429,812587.0,0.0,1571.571,151899.53,0.0,592.879,2379.227,0.0,4.602,1.68,17830.0,52.706,85506.0,252.76,,,78792.0,232.913,721977670.0,2344159.0,2142.382,6.956,1783704.0,5.293,0.224,4.5,tests performed,519626497.0,243545897.0,210047377.0,76512628.0,1692545.0,1042099.0,156.51,73.36,63.27,23.05,3139.0,263107.0,0.079,51.18,35.608,38.3,15.413,9.732,54225.446,1.2,151.089,10.79,19.1,24.6,,2.77,78.86,0.926,338289856,,,,
404176,USA,North America,United States,2021-12-30,51878860.0,0.0,202488.429,812587.0,0.0,1571.571,151899.53,0.0,592.879,2379.227,0.0,4.602,1.67,18158.0,53.676,89961.0,265.929,,,85215.0,251.899,724341450.0,2363780.0,2149.396,7.014,1777633.0,5.275,0.246,4.1,tests performed,521176784.0,243944661.0,210265156.0,77448959.0,1550287.0,1052560.0,156.98,73.48,63.33,23.33,3170.0,268277.0,0.081,51.18,35.608,38.3,15.413,9.732,54225.446,1.2,151.089,10.79,19.1,24.6,,2.77,78.86,0.926,338289856,,,,
404177,USA,North America,United States,2021-12-31,51878860.0,0.0,202488.429,812587.0,0.0,1571.571,151899.53,0.0,592.879,2379.227,0.0,4.602,1.64,18382.0,54.338,93776.0,277.206,,,92322.0,272.908,726359152.0,2017702.0,2155.384,5.987,1810562.0,5.373,0.26,3.8,tests performed,521797692.0,244104717.0,210360591.0,77816104.0,620908.0,1086427.0,157.16,73.52,63.36,23.44,3272.0,276722.0,0.083,47.65,35.608,38.3,15.413,9.732,54225.446,1.2,151.089,10.79,19.1,24.6,,2.77,78.86,0.926,338289856,,,,
404178,USA,North America,United States,2022-01-01,51878860.0,0.0,202488.429,812587.0,0.0,1571.571,151899.53,0.0,592.879,2379.227,0.0,4.602,1.62,18863.0,55.76,96539.0,285.374,,,98909.0,292.379,727619218.0,1260066.0,2159.123,3.739,1855238.0,5.505,0.267,3.7,tests performed,521918004.0,244139023.0,210378438.0,77882292.0,120312.0,1102612.0,157.2,73.53,63.37,23.46,3321.0,281321.0,0.085,47.65,35.608,38.3,15.413,9.732,54225.446,1.2,151.089,10.79,19.1,24.6,,2.77,78.86,0.926,338289856,,,,
404179,USA,North America,United States,2022-01-02,54590898.0,2712038.0,387434.0,821733.0,9146.0,1306.571,159840.28,7940.754,1134.393,2406.006,26.779,3.826,1.62,19606.0,57.956,102671.0,303.5,,,105297.0,311.263,728965883.0,1346665.0,2163.119,3.996,1909328.0,5.666,0.273,3.7,tests performed,522418645.0,244273172.0,210470142.0,78158086.0,500641.0,1105073.0,157.35,73.57,63.39,23.54,3328.0,282038.0,0.085,47.64,35.608,38.3,15.413,9.732,54225.446,1.2,151.089,10.79,19.1,24.6,,2.77,78.86,0.926,338289856,987298.8,16.75,23.33,2918.4995
404180,USA,North America,United States,2022-01-03,54590898.0,0.0,387434.0,821733.0,0.0,1306.571,159840.28,0.0,1134.393,2406.006,0.0,3.826,1.64,20341.0,60.129,108761.0,321.502,,,111116.0,328.464,731226278.0,2260395.0,2169.826,6.707,1986787.0,5.896,0.28,3.6,tests performed,523671276.0,244609148.0,210670531.0,78878520.0,1252631.0,1063909.0,157.73,73.68,63.45,23.76,3204.0,274551.0,0.083,47.63,35.608,38.3,15.413,9.732,54225.446,1.2,151.089,10.79,19.1,24.6,,2.77,78.86,0.926,338289856,,,,
404181,USA,North America,United States,2022-01-04,54590898.0,0.0,387434.0,821733.0,0.0,1306.571,159840.28,0.0,1134.393,2406.006,0.0,3.826,1.61,21040.0,62.195,114846.0,339.49,,,116770.0,345.177,734174731.0,2948453.0,2178.575,8.749,2077317.0,6.164,0.286,3.5,tests performed,525094724.0,244974854.0,210887459.0,79723580.0,1423448.0,1022967.0,158.16,73.79,63.52,24.01,3081.0,265497.0,0.08,47.62,35.608,38.3,15.413,9.732,54225.446,1.2,151.089,10.79,19.1,24.6,,2.77,78.86,0.926,338289856,,,,
404182,USA,North America,United States,2022-01-05,54590898.0,0.0,387434.0,821733.0,0.0,1306.571,159840.28,0.0,1134.393,2406.006,0.0,3.826,1.54,21529.0,63.641,121444.0,358.994,,,122379.0,361.758,737376437.0,3201706.0,2188.076,9.501,2199824.0,6.528,0.29,3.4,tests performed,526556546.0,245348202.0,211103637.0,80600439.0,1461822.0,990007.0,158.6,73.9,63.58,24.28,2982.0,257472.0,0.078,47.61,35.608,38.3,15.413,9.732,54225.446,1.2,151.089,10.79,19.1,24.6,,2.77,78.86,0.926,338289856,,,,
404183,USA,North America,United States,2022-01-06,54590898.0,0.0,387434.0,821733.0,0.0,1306.571,159840.28,0.0,1134.393,2406.006,0.0,3.826,1.5,22134.0,65.429,126976.0,375.347,,,127757.0,377.655,740557343.0,3180906.0,2197.515,9.439,2316556.0,6.874,0.292,3.4,tests performed,528030730.0,245715353.0,211319761.0,81494930.0,1474184.0,979135.0,159.04,74.01,63.65,24.55,2949.0,252956.0,0.076,47.6,35.608,38.3,15.413,9.732,54225.446,1.2,151.089,10.79,19.1,24.6,,2.77,78.86,0.926,338289856,,,,
404184,USA,North America,United States,2022-01-07,54590898.0,0.0,387434.0,821733.0,0.0,1306.571,159840.28,0.0,1134.393,2406.006,0.0,3.826,1.46,22862.0,67.581,131874.0,389.825,,,132838.0,392.675,743473487.0,2916144.0,2206.168,8.653,2444905.0,7.255,0.292,3.4,tests performed,529692905.0,246110061.0,211569940.0,82514490.0,1662175.0,1127888.0,159.54,74.13,63.72,24.85,3397.0,286478.0,0.086,47.59,35.608,38.3,15.413,9.732,54225.446,1.2,151.089,10.79,19.1,24.6,,2.77,78.86,0.926,338289856,,,,
404185,USA,North America,United States,2022-01-08,54590898.0,0.0,387434.0,821733.0,0.0,1306.571,159840.28,0.0,1134.393,2406.006,0.0,3.826,1.41,23139.0,68.4,133576.0,394.857,,,138339.0,408.936,745673684.0,2200197.0,2212.697,6.529,2579209.0,7.653,0.291,3.4,tests performed,530748218.0,246380743.0,211747838.0,83121418.0,1055313.0,1261459.0,159.86,74.21,63.78,25.04,3799.0,320246.0,0.096,47.57,35.608,38.3,15.413,9.732,54225.446,1.2,151.089,10.79,19.1,24.6,,2.77,78.86,0.926,338289856,,,,
404186,USA,North America,United States,2022-01-09,59273795.0,4682897.0,668985.286,833449.0,11716.0,1673.714,173551.64,13711.362,1958.766,2440.31,34.304,4.901,1.37,23789.0,70.321,137251.0,405.72,,,141770.0,419.078,747331416.0,1657732.0,2217.616,4.919,2623648.0,7.785,0.29,3.4,tests performed,531249385.0,246520085.0,211824316.0,83407142.0,501167.0,1261534.0,160.01,74.25,63.8,25.12,3800.0,320988.0,0.097,47.57,35.608,38.3,15.413,9.732,54225.446,1.2,151.089,10.79,19.1,24.6,,2.77,78.86,0.926,338289856,1003567.94,16.84,25.66,2966.5918
404187,USA,North America,United States,2022-01-10,59273795.0,0.0,668985.286,833449.0,0.0,1673.714,173551.64,0.0,1958.766,2440.31,0.0,4.901,1.33,24487.0,72.385,142248.0,420.491,,,144561.0,427.329,749470715.0,2139299.0,2223.964,6.348,2606348.0,7.734,0.289,3.5,tests performed,532518009.0,246845760.0,212017928.0,84157700.0,1268624.0,1263819.0,160.39,74.35,63.86,25.35,3807.0,319516.0,0.096,47.56,35.608,38.3,15.413,9.732,54225.446,1.2,151.089,10.79,19.1,24.6,,2.77,78.86,0.926,338289856,,,,
404188,USA,North America,United States,2022-01-11,59273795.0,0.0,668985.286,833449.0,0.0,1673.714,173551.64,0.0,1958.766,2440.31,0.0,4.901,1.26,25081.0,74.141,145834.0,431.092,,,147336.0,435.532,752161369.0,2690654.0,2231.949,7.984,2569520.0,7.625,0.287,3.5,tests performed,533834532.0,247179156.0,212222112.0,84937394.0,1316523.0,1248544.0,160.79,74.45,63.92,25.58,3761.0,314900.0,0.095,47.55,35.608,38.3,15.413,9.732,54225.446,1.2,151.089,10.79,19.1,24.6,,2.77,78.86,0.926,338289856,,,,
404189,USA,North America,United States,2022-01-12,59273795.0,0.0,668985.286,833449.0,0.0,1673.714,173551.64,0.0,1958.766,2440.31,0.0,4.901,1.21,25328.0,74.871,149670.0,442.431,,,149725.0,442.594,755093074.0,2931705.0,2240.648,8.699,2530948.0,7.51,0.284,3.5,tests performed,535157096.0,247514197.0,212426178.0,85721392.0,1322564.0,1228650.0,161.19,74.55,63.98,25.82,3701.0,309428.0,0.093,47.54,35.608,38.3,15.413,9.732,54225.446,1.2,151.089,10.79,19.1,24.6,,2.77,78.86,0.926,338289856,,,,
404190,USA,North America,United States,2022-01-13,59273795.0,0.0,668985.286,833449.0,0.0,1673.714,173551.64,0.0,1958.766,2440.31,0.0,4.901,1.17,25558.0,75.551,151006.0,446.381,,,151330.0,447.338,758116286.0,3023212.0,2249.619,8.971,2508420.0,7.443,0.28,3.6,tests performed,536459113.0,247846001.0,212618022.0,86499313.0,1302017.0,1204055.0,161.58,74.65,64.04,26.05,3627.0,304378.0,0.092,47.53,35.608,38.3,15.413,9.732,54225.446,1.2,151.089,10.79,19.1,24.6,,2.77,78.86,0.926,338289856,,,,
404191,USA,North America,United States,2022-01-14,59273795.0,0.0,668985.286,833449.0,0.0,1673.714,173551.64,0.0,1958.766,2440.31,0.0,4.901,1.13,25734.0,76.071,152033.0,449.416,,,152933.0,452.077,760943723.0,2827437.0,2258.009,8.39,2495748.0,7.406,0.276,3.6,tests performed,537939916.0,248219780.0,212795330.0,87424310.0,1480803.0,1178144.0,162.03,74.76,64.09,26.33,3549.0,301388.0,0.091,47.52,35.608,38.3,15.413,9.732,54225.446,1.2,151.089,10.79,19.1,24.6,,2.77,78.86,0.926,338289856,,,,
404192,USA,North America,United States,2022-01-15,59273795.0,0.0,668985.286,833449.0,0.0,1673.714,173551.64,0.0,1958.766,2440.31,0.0,4.901,1.1,25802.0,76.272,149478.0,441.864,,,153977.0,455.163,763008938.0,2065215.0,2264.137,6.128,2476465.0,7.349,0.273,3.7,tests performed,538735091.0,248442969.0,212883686.0,87903276.0,795175.0,1140982.0,162.27,74.83,64.12,26.48,3437.0,294604.0,0.089,47.51,35.608,38.3,15.413,9.732,54225.446,1.2,151.089,10.79,19.1,24.6,,2.77,78.86,0.926,338289856,,,,
404193,USA,North America,United States,2022-01-16,64924728.0,5650933.0,807276.143,847829.0,14380.0,2054.286,190097.39,16545.738,2363.677,2482.414,42.104,6.015,1.07,25867.0,76.464,149973.0,443.327,,,153366.0,453.357,764383763.0,1374825.0,2268.217,4.08,2436050.0,7.229,0.272,3.7,tests performed,539128831.0,248547760.0,212942215.0,88131716.0,393740.0,1125635.0,162.38,74.86,64.14,26.54,3390.0,289668.0,0.087,47.51,35.608,38.3,15.413,9.732,54225.446,1.2,151.089,10.79,19.1,24.6,,2.77,78.86,0.926,338289856,1023963.1,17.0,31.59,3026.8809
404194,USA,North America,United States,2022-01-17,64924728.0,0.0,807276.143,847829.0,0.0,2054.286,190097.39,0.0,2363.677,2482.414,0.0,6.015,1.03,26077.0,77.085,150873.0,445.987,,,151820.0,448.787,766120810.0,1737047.0,2273.372,5.154,2378585.0,7.058,0.272,3.7,tests performed,539959879.0,248759841.0,213084146.0,88604779.0,831048.0,1063124.0,162.63,74.93,64.18,26.69,3202.0,273440.0,0.082,47.5,35.608,38.3,15.413,9.732,54225.446,1.2,151.089,10.79,19.1,24.6,,2.77,78.86,0.926,338289856,,,,
404195,USA,North America,United States,2022-01-18,64924728.0,0.0,807276.143,847829.0,0.0,2054.286,190097.39,0.0,2363.677,2482.414,0.0,6.015,1.04,26372.0,77.957,153220.0,452.925,,,151023.0,446.431,768716075.0,2595265.0,2281.073,7.701,2364958.0,7.018,0.269,3.7,tests performed,540967964.0,249010753.0,213275588.0,89167202.0,1008085.0,1019062.0,162.94,75.0,64.24,26.86,3069.0,261657.0,0.079,47.49,35.608,38.3,15.413,9.732,54225.446,1.2,151.089,10.79,19.1,24.6,,2.77,78.86,0.926,338289856,,,,
404196,USA,North America,United States,2022-01-19,64924728.0,0.0,807276.143,847829.0,0.0,2054.286,190097.39,0.0,2363.677,2482.414,0.0,6.015,1.02,26458.0,78.211,154497.0,456.7,,,149989.0,443.374,771675297.0,2959222.0,2289.854,8.781,2368889.0,7.029,0.265,3.8,tests performed,541956732.0,249257365.0,213465176.0,89716303.0,988768.0,971377.0,163.24,75.08,64.3,27.02,2926.0,249024.0,0.075,45.7,35.608,38.3,15.413,9.732,54225.446,1.2,151.089,10.79,19.1,24.6,,2.77,78.86,0.926,338289856,,,,
404197,USA,North America,United States,2022-01-20,64924728.0,0.0,807276.143,847829.0,0.0,2054.286,190097.39,0.0,2363.677,2482.414,0.0,6.015,0.98,26283.0,77.694,152923.0,452.047,,,148735.0,439.667,774469819.0,2794522.0,2298.146,8.292,2336219.0,6.932,0.262,3.8,tests performed,542902164.0,249493941.0,213644663.0,90241967.0,945432.0,920436.0,163.52,75.15,64.35,27.18,2772.0,235420.0,0.071,45.69,35.608,38.3,15.413,9.732,54225.446,1.2,151.089,10.79,19.1,24.6,,2.77,78.86,0.926,338289856,,,,
404198,USA,North America,United States,2022-01-21,64924728.0,0.0,807276.143,847829.0,0.0,2054.286,190097.39,0.0,2363.677,2482.414,0.0,6.015,0.95,26023.0,76.925,150229.0,444.084,,,146407.0,432.786,776947828.0,2478009.0,2305.499,7.353,2286301.0,6.784,0.259,3.9,tests performed,543995187.0,249767751.0,213809264.0,90890383.0,1093023.0,865039.0,163.85,75.23,64.4,27.38,2605.0,221139.0,0.067,45.68,35.608,38.3,15.413,9.732,54225.446,1.2,151.089,10.79,19.1,24.6,,2.77,78.86,0.926,338289856,,,,
404199,USA,North America,United States,2022-01-22,64924728.0,0.0,807276.143,847829.0,0.0,2054.286,190097.39,0.0,2363.677,2482.414,0.0,6.015,0.92,25679.0,75.908,145668.0,430.601,,,143652.0,424.642,778696701.0,1748873.0,2310.689,5.19,2241109.0,6.65,0.256,3.9,tests performed,544621478.0,249938020.0,213893730.0,91256214.0,626291.0,840912.0,164.04,75.28,64.42,27.49,2533.0,213579.0,0.064,45.68,35.608,38.3,15.413,9.732,54225.446,1.2,151.089,10.79,19.1,24.6,,2.77,78.86,0.926,338289856,,,,
404200,USA,North America,United States,2022-01-23,69967616.0,5042888.0,720412.571,864137.0,16308.0,2329.714,204862.78,14765.403,2109.343,2530.164,47.749,6.821,0.89,25528.0,75.462,144757.0,427.908,,,141813.0,419.206,779841938.0,1145237.0,2314.087,3.398,2208311.0,6.553,0.254,3.9,tests performed,544955362.0,250027965.0,213958687.0,91432852.0,333884.0,832362.0,164.14,75.31,64.44,27.54,2507.0,211458.0,0.064,45.67,35.608,38.3,15.413,9.732,54225.446,1.2,151.089,10.79,19.1,24.6,,2.77,78.86,0.926,338289856,1046067.1,17.18,34.85,3092.2214
404201,USA,North America,United States,2022-01-24,69967616.0,0.0,720412.571,864137.0,0.0,2329.714,204862.78,0.0,2109.343,2530.164,0.0,6.821,0.86,25562.0,75.562,144760.0,427.917,,,140617.0,415.67,781403998.0,1562060.0,2318.723,4.635,2183313.0,6.479,0.248,4.0,tests performed,545759030.0,250229011.0,214121181.0,91869045.0,803668.0,828450.0,164.38,75.37,64.49,27.67,2495.0,209881.0,0.063,45.66,35.608,38.3,15.413,9.732,54225.446,1.2,151.089,10.79,19.1,24.6,,2.77,78.86,0.926,338289856,,,,
404202,USA,North America,United States,2022-01-25,69967616.0,0.0,720412.571,864137.0,0.0,2329.714,204862.78,0.0,2109.343,2530.164,0.0,6.821,0.82,25311.0,74.82,143297.0,423.592,,,139159.0,411.36,783349059.0,1945061.0,2324.494,5.772,2090426.0,6.203,0.241,4.1,tests performed,546569635.0,250430463.0,214299017.0,92296705.0,810605.0,800239.0,164.62,75.43,64.55,27.8,2410.0,202816.0,0.061,45.65,35.608,38.3,15.413,9.732,54225.446,1.2,151.089,10.79,19.1,24.6,,2.77,78.86,0.926,338289856,,,,
404203,USA,North America,United States,2022-01-26,69967616.0,0.0,720412.571,864137.0,0.0,2329.714,204862.78,0.0,2109.343,2530.164,0.0,6.821,0.8,25073.0,74.117,141674.0,418.795,,,136255.0,402.776,785439617.0,2090558.0,2330.698,6.203,1966331.0,5.835,0.233,4.3,tests performed,547369589.0,250628724.0,214480777.0,92713205.0,799954.0,773265.0,164.87,75.49,64.6,27.92,2329.0,195908.0,0.059,45.64,35.608,38.3,15.413,9.732,54225.446,1.2,151.089,10.79,19.1,24.6,,2.77,78.86,0.926,338289856,,,,
404204,USA,North America,United States,2022-01-27,69967616.0,0.0,720412.571,864137.0,0.0,2329.714,204862.78,0.0,2109.343,2530.164,0.0,6.821,0.77,24470.0,72.334,137503.0,406.465,,,132858.0,392.734,787485088.0,2045471.0,2336.767,6.07,1859324.0,5.517,0.223,4.5,tests performed,548167302.0,250824465.0,214658744.0,93132755.0,797713.0,752163.0,165.11,75.55,64.65,28.05,2265.0,190075.0,0.057,45.63,35.608,38.3,15.413,9.732,54225.446,1.2,151.089,10.79,19.1,24.6,,2.77,78.86,0.926,338289856,,,,
404205,USA,North America,United States,2022-01-28,69967616.0,0.0,720412.571,864137.0,0.0,2329.714,204862.78,0.0,2109.343,2530.164,0.0,6.821,0.75,24021.0,71.007,133318.0,394.094,,,129613.0,383.142,789372114.0,1887026.0,2342.367,5.6,1774898.0,5.267,0.214,4.7,tests performed,549131881.0,251052040.0,214872532.0,93648031.0,964579.0,733813.0,165.4,75.62,64.72,28.21,2210.0,183470.0,0.055,45.62,35.608,38.3,15.413,9.732,54225.446,1.2,151.089,10.79,19.1,24.6,,2.77,78.86,0.926,338289856,,,,
404206,USA,North America,United States,2022-01-29,69967616.0,0.0,720412.571,864137.0,0.0,2329.714,204862.78,0.0,2109.343,2530.164,0.0,6.821,0.73,23432.0,69.266,127041.0,375.539,,,126717.0,374.581,790598136.0,1226022.0,2346.005,3.638,1700205.0,5.045,0.208,4.8,tests performed,549605781.0,251171015.0,214986516.0,93883035.0,473900.0,712043.0,165.54,75.65,64.75,28.28,2145.0,176142.0,0.053,45.61,35.608,38.3,15.413,9.732,54225.446,1.2,151.089,10.79,19.1,24.6,,2.77,78.86,0.926,338289856,,,,
404207,USA,North America,United States,2022-01-30,73756878.0,3789262.0,541323.143,882540.0,18403.0,2629.0,215957.62,11094.83,1584.976,2584.047,53.883,7.698,0.7,23196.0,68.568,125816.0,371.918,,,123493.0,365.051,791361923.0,763787.0,2348.272,2.266,1645712.0,4.883,0.202,5.0,tests performed,549872736.0,251242366.0,215054605.0,94007512.0,266955.0,702482.0,165.62,75.67,64.77,28.31,2116.0,173486.0,0.052,45.61,35.608,38.3,15.413,9.732,54225.446,1.2,151.089,10.79,19.1,24.6,,2.77,78.86,0.926,338289856,1068685.9,17.38,36.29,3159.0835
404208,USA,North America,United States,2022-01-31,73756878.0,0.0,541323.143,882540.0,0.0,2629.0,215957.62,0.0,1584.976,2584.047,0.0,7.698,0.66,22909.0,67.72,124054.0,366.709,,,119864.0,354.323,792609107.0,1247184.0,2351.972,3.701,1600730.0,4.75,0.195,5.1,tests performed,550509505.0,251400429.0,215215443.0,94321163.0,636769.0,678639.0,165.81,75.72,64.82,28.41,2044.0,167345.0,0.05,45.6,35.608,38.3,15.413,9.732,54225.446,1.2,151.089,10.79,19.1,24.6,,2.77,78.86,0.926,338289856,,,,
404209,USA,North America,United States,2022-02-01,73756878.0,0.0,541323.143,882540.0,0.0,2629.0,215957.62,0.0,1584.976,2584.047,0.0,7.698,0.64,22670.0,67.014,120533.0,356.301,,,115631.0,341.81,794381865.0,1772758.0,2357.233,5.26,1576115.0,4.677,0.183,5.5,tests performed,551133326.0,251548803.0,215378039.0,94628181.0,623821.0,651956.0,166.0,75.77,64.87,28.5,1964.0,159763.0,0.048,45.59,35.608,38.3,15.413,9.732,54225.446,1.2,151.089,10.79,19.1,24.6,,2.77,78.86,0.926,338289856,,,,
404210,USA,North America,United States,2022-02-02,73756878.0,0.0,541323.143,882540.0,0.0,2629.0,215957.62,0.0,1584.976,2584.047,0.0,7.698,0.62,21913.0,64.776,117164.0,346.342,,,111351.0,329.159,796274005.0,1892140.0,2362.848,5.615,1547770.0,4.593,0.171,5.8,tests performed,551712410.0,251692611.0,215534897.0,94902941.0,579084.0,620403.0,166.17,75.81,64.92,28.58,1869.0,151984.0,0.046,45.58,35.608,38.3,15.413,9.732,54225.446,1.2,151.089,10.79,19.1,24.6,,2.77,78.86,0.926,338289856,,,,
404211,USA,North America,United States,2022-02-03,73756878.0,0.0,541323.143,882540.0,0.0,2629.0,215957.62,0.0,1584.976,2584.047,0.0,7.698,0.61,21330.0,63.052,112652.0,333.004,,,107132.0,316.687,797874731.0,1600726.0,2367.597,4.75,1484235.0,4.404,0.162,6.2,tests performed,552239065.0,251821044.0,215677039.0,95156901.0,526655.0,581680.0,166.33,75.85,64.96,28.66,1752.0,142368.0,0.043,45.57,35.608,38.3,15.413,9.732,54225.446,1.2,151.089,10.79,19.1,24.6,,2.77,78.86,0.926,338289856,,,,
404212,USA,North America,United States,2022-02-04,73756878.0,0.0,541323.143,882540.0,0.0,2629.0,215957.62,0.0,1584.976,2584.047,0.0,7.698,0.61,20576.0,60.824,107664.0,318.26,,,101932.0,301.316,799357630.0,1482899.0,2371.998,4.4,1426502.0,4.233,0.152,6.6,tests performed,552902416.0,251972926.0,215864005.0,95476905.0,663351.0,538648.0,166.53,75.89,65.02,28.76,1622.0,131555.0,0.04,45.56,35.608,38.3,15.413,9.732,54225.446,1.2,151.089,10.79,19.1,24.6,,2.77,78.86,0.926,338289856,,,,
404213,USA,North America,United States,2022-02-05,73756878.0,0.0,541323.143,882540.0,0.0,2629.0,215957.62,0.0,1584.976,2584.047,0.0,7.698,0.6,19642.0,58.063,101670.0,300.541,,,97420.0,287.978,800476134.0,1118504.0,2375.317,3.319,1411143.0,4.187,0.145,6.9,tests performed,553345385.0,252081096.0,215999147.0,95671505.0,442969.0,534229.0,166.67,75.93,65.06,28.82,1609.0,130012.0,0.039,45.55,35.608,38.3,15.413,9.732,54225.446,1.2,151.089,10.79,19.1,24.6,,2.77,78.86,0.926,338289856,,,,
404214,USA,North America,United States,2022-02-06,75945588.0,2188710.0,312672.857,901194.0,18654.0,2664.857,222366.1,6408.468,915.495,2638.665,54.618,7.803,0.59,19280.0,56.993,99064.0,292.838,,,94160.0,278.341,801109105.0,632971.0,2377.195,1.878,1392455.0,4.132,0.14,7.1,tests performed,553560912.0,252139748.0,216061149.0,95763931.0,215527.0,526882.0,166.73,75.94,65.08,28.84,1587.0,128197.0,0.039,45.54,35.608,38.3,15.413,9.732,54225.446,1.2,151.089,10.79,19.1,24.6,,2.77,78.86,0.926,338289856,1088224.9,17.52,31.69,3216.8416
404215,USA,North America,United States,2022-02-07,75945588.0,0.0,312672.857,901194.0,0.0,2664.857,222366.1,0.0,915.495,2638.665,0.0,7.803,0.58,18979.0,56.103,97280.0,287.564,,,90744.0,268.243,802360160.0,1251055.0,2380.907,3.712,1393008.0,4.134,0.132,7.6,tests performed,554050086.0,252267820.0,216195450.0,95986897.0,489174.0,505797.0,166.88,75.98,65.12,28.91,1523.0,123913.0,0.037,45.54,35.608,38.3,15.413,9.732,54225.446,1.2,151.089,10.79,19.1,24.6,,2.77,78.86,0.926,338289856,,,,
404216,USA,North America,United States,2022-02-08,75945588.0,0.0,312672.857,901194.0,0.0,2664.857,222366.1,0.0,915.495,2638.665,0.0,7.803,0.57,18351.0,54.246,93609.0,276.712,,,86430.0,255.491,804007683.0,1647523.0,2385.796,4.889,1375117.0,4.08,0.122,8.2,tests performed,554557634.0,252393784.0,216343106.0,96217589.0,507548.0,489187.0,167.03,76.02,65.16,28.98,1473.0,120712.0,0.036,45.53,35.608,38.3,15.413,9.732,54225.446,1.2,151.089,10.79,19.1,24.6,,2.77,78.86,0.926,338289856,,,,
404217,USA,North America,United States,2022-02-09,75945588.0,0.0,312672.857,901194.0,0.0,2664.857,222366.1,0.0,915.495,2638.665,0.0,7.803,0.55,17716.0,52.369,90113.0,266.378,,,82452.0,243.732,805569797.0,1562114.0,2390.432,4.635,1327970.0,3.941,0.114,8.8,tests performed,555075095.0,252523947.0,216490671.0,96454164.0,517461.0,480384.0,167.19,76.06,65.21,29.05,1447.0,118762.0,0.036,45.52,35.608,38.3,15.413,9.732,54225.446,1.2,151.089,10.79,19.1,24.6,,2.77,78.86,0.926,338289856,,,,
404218,USA,North America,United States,2022-02-10,75945588.0,0.0,312672.857,901194.0,0.0,2664.857,222366.1,0.0,915.495,2638.665,0.0,7.803,0.55,17044.0,50.383,86034.0,254.32,,,78755.0,232.803,807040293.0,1470496.0,2394.795,4.364,1309366.0,3.885,0.106,9.4,tests performed,555590555.0,252652400.0,216632798.0,96695430.0,515460.0,478784.0,167.34,76.1,65.25,29.12,1442.0,118765.0,0.036,45.51,35.608,38.3,15.413,9.732,54225.446,1.2,151.089,10.79,19.1,24.6,,2.77,78.86,0.926,338289856,,,,
404219,USA,North America,United States,2022-02-11,75945588.0,0.0,312672.857,901194.0,0.0,2664.857,222366.1,0.0,915.495,2638.665,0.0,7.803,0.55,16121.0,47.654,81494.0,240.9,,,75984.0,224.612,808445919.0,1405626.0,2398.966,4.171,1298327.0,3.853,0.099,10.1,tests performed,556220255.0,252803115.0,216809341.0,96991723.0,629700.0,473977.0,167.53,76.14,65.3,29.21,1428.0,118598.0,0.036,45.5,35.608,38.3,15.413,9.732,54225.446,1.2,151.089,10.79,19.1,24.6,,2.77,78.86,0.926,338289856,,,,
404220,USA,North America,United States,2022-02-12,75945588.0,0.0,312672.857,901194.0,0.0,2664.857,222366.1,0.0,915.495,2638.665,0.0,7.803,0.55,15437.0,45.632,76807.0,227.045,,,72936.0,215.602,809333628.0,887709.0,2401.6,2.634,1265356.0,3.755,0.094,10.6,tests performed,556569334.0,252892515.0,216913220.0,97143235.0,349079.0,460564.0,167.64,76.17,65.33,29.26,1387.0,115917.0,0.035,45.49,35.608,38.3,15.413,9.732,54225.446,1.2,151.089,10.79,19.1,24.6,,2.77,78.86,0.926,338289856,,,,
404221,USA,North America,United States,2022-02-13,77167700.0,1222112.0,174587.429,918744.0,17550.0,2507.143,225944.39,3578.302,511.186,2690.051,51.386,7.341,0.54,14886.0,44.004,74334.0,219.735,,,69715.0,206.081,809833333.0,499705.0,2403.083,1.483,1246318.0,3.698,0.09,11.1,tests performed,556723665.0,252934964.0,216960327.0,97205705.0,154331.0,451822.0,167.68,76.18,65.35,29.28,1361.0,113602.0,0.034,45.49,35.608,38.3,15.413,9.732,54225.446,1.2,151.089,10.79,19.1,24.6,,2.77,78.86,0.926,338289856,1103419.9,17.59,24.53,3261.7588
404222,USA,North America,United States,2022-02-14,77167700.0,0.0,174587.429,918744.0,0.0,2507.143,225944.39,0.0,511.186,2690.051,0.0,7.341,0.53,14391.0,42.54,72085.0,213.086,,,66542.0,196.701,810818134.0,984801.0,2406.005,2.922,1208282.0,3.585,0.084,11.9,tests performed,557069849.0,253023791.0,217059612.0,97361673.0,346184.0,431395.0,167.79,76.21,65.38,29.33,1299.0,107996.0,0.033,45.48,35.608,38.3,15.413,9.732,54225.446,1.2,151.089,10.79,19.1,24.6,,2.77,78.86,0.926,338289856,,,,
404223,USA,North America,United States,2022-02-15,77167700.0,0.0,174587.429,918744.0,0.0,2507.143,225944.39,0.0,511.186,2690.051,0.0,7.341,0.52,13814.0,40.835,68705.0,203.095,,,62785.0,185.595,812397574.0,1579440.0,2410.692,4.687,1198556.0,3.557,0.078,12.8,tests performed,557476940.0,253124550.0,217176757.0,97548350.0,407091.0,417044.0,167.91,76.24,65.41,29.38,1256.0,104395.0,0.031,45.48,35.608,38.3,15.413,9.732,54225.446,1.2,151.089,10.79,19.1,24.6,,2.77,78.86,0.926,338289856,,,,
404224,USA,North America,United States,2022-02-16,77167700.0,0.0,174587.429,918744.0,0.0,2507.143,225944.39,0.0,511.186,2690.051,0.0,7.341,0.52,13145.0,38.857,65247.0,192.873,,,59326.0,175.37,814038641.0,1641067.0,2415.562,4.87,1209835.0,3.59,0.072,13.9,tests performed,557896546.0,253227756.0,217295521.0,97743567.0,419606.0,403064.0,168.04,76.27,65.45,29.44,1214.0,100544.0,0.03,45.47,35.608,38.3,15.413,9.732,54225.446,1.2,151.089,10.79,19.1,24.6,,2.77,78.86,0.926,338289856,,,,
404225,USA,North America,United States,2022-02-17,77167700.0,0.0,174587.429,918744.0,0.0,2507.143,225944.39,0.0,511.186,2690.051,0.0,7.341,0.53,12545.0,37.084,61859.0,182.858,,,56164.0,166.023,815558797.0,1520156.0,2420.073,4.511,1216929.0,3.611,0.067,14.9,tests performed,558309529.0,253327169.0,217407138.0,97941171.0,412983.0,388425.0,168.16,76.3,65.48,29.5,1170.0,96396.0,0.029,45.46,35.608,38.3,15.413,9.732,54225.446,1.2,151.089,10.79,19.1,24.6,,2.77,78.86,0.926,338289856,,,,
404226,USA,North America,United States,2022-02-18,77167700.0,0.0,174587.429,918744.0,0.0,2507.143,225944.39,0.0,511.186,2690.051,0.0,7.341,0.54,11927.0,35.257,58681.0,173.464,,,53017.0,156.721,816926605.0,1367808.0,2424.132,4.059,1211527.0,3.595,0.063,15.9,tests performed,558841815.0,253451072.0,217551980.0,98198088.0,532286.0,374509.0,168.32,76.34,65.53,29.58,1128.0,92565.0,0.028,45.45,35.608,38.3,15.413,9.732,54225.446,1.2,151.089,10.79,19.1,24.6,,2.77,78.86,0.926,338289856,,,,
404227,USA,North America,United States,2022-02-19,77167700.0,0.0,174587.429,918744.0,0.0,2507.143,225944.39,0.0,511.186,2690.051,0.0,7.341,0.54,11237.0,33.217,54814.0,162.033,,,49942.0,147.631,817825587.0,898982.0,2426.799,2.668,1213137.0,3.6,0.059,16.9,tests performed,559126887.0,253525221.0,217631297.0,98325213.0,285072.0,365365.0,168.41,76.36,65.55,29.62,1100.0,90387.0,0.027,45.45,35.608,38.3,15.413,9.732,54225.446,1.2,151.089,10.79,19.1,24.6,,2.77,78.86,0.926,338289856,,,,
404228,USA,North America,United States,2022-02-20,77875856.0,708156.0,101165.143,934116.0,15372.0,2196.0,228017.84,2073.456,296.208,2735.06,45.009,6.43,0.54,10777.0,31.857,52974.0,156.594,,,47651.0,140.858,818285082.0,459495.0,2428.163,1.363,1207393.0,3.583,0.057,17.5,tests performed,559282790.0,253567361.0,217673905.0,98393383.0,155903.0,365589.0,168.45,76.37,65.56,29.64,1101.0,90342.0,0.027,45.45,35.608,38.3,15.413,9.732,54225.446,1.2,151.089,10.79,19.1,24.6,,2.77,78.86,0.926,338289856,1112904.2,17.57,15.44,3289.795
404229,USA,North America,United States,2022-02-21,77875856.0,0.0,101165.143,934116.0,0.0,2196.0,228017.84,0.0,296.208,2735.06,0.0,6.43,0.54,10453.0,30.9,51305.0,151.66,,,45701.0,135.094,819001368.0,716286.0,2430.288,2.125,1169033.0,3.469,0.056,17.9,tests performed,559603106.0,253646868.0,217762852.0,98540356.0,320316.0,361894.0,168.55,76.4,65.59,29.68,1090.0,89011.0,0.027,45.44,35.608,38.3,15.413,9.732,54225.446,1.2,151.089,10.79,19.1,24.6,,2.77,78.86,0.926,338289856,,,,
404230,USA,North America,United States,2022-02-22,77875856.0,0.0,101165.143,934116.0,0.0,2196.0,228017.84,0.0,296.208,2735.06,0.0,6.43,0.56,10174.0,30.075,49428.0,146.111,,,43475.0,128.514,820224304.0,1222936.0,2433.917,3.629,1118104.0,3.318,0.053,18.9,tests performed,559960737.0,253737491.0,217863099.0,98703879.0,357631.0,354828.0,168.66,76.42,65.62,29.73,1069.0,87563.0,0.026,45.43,35.608,38.3,15.413,9.732,54225.446,1.2,151.089,10.79,19.1,24.6,,2.77,78.86,0.926,338289856,,,,
404231,USA,North America,United States,2022-02-23,77875856.0,0.0,101165.143,934116.0,0.0,2196.0,228017.84,0.0,296.208,2735.06,0.0,6.43,0.57,9622.0,28.443,47038.0,139.046,,,41224.0,121.86,821602495.0,1378191.0,2438.007,4.09,1080551.0,3.206,0.051,19.6,tests performed,560308460.0,253824796.0,217957491.0,98867175.0,347723.0,344559.0,168.76,76.45,65.65,29.78,1038.0,85291.0,0.026,45.43,35.608,38.3,15.413,9.732,54225.446,1.2,151.089,10.79,19.1,24.6,,2.77,78.86,0.926,338289856,,,,
404232,USA,North America,United States,2022-02-24,77875856.0,0.0,101165.143,934116.0,0.0,2196.0,228017.84,0.0,296.208,2735.06,0.0,6.43,0.57,9113.0,26.938,44380.0,131.189,,,38905.0,115.005,822839137.0,1236642.0,2441.676,3.67,1040049.0,3.086,0.049,20.4,tests performed,560642108.0,253907580.0,218044267.0,99028587.0,333648.0,333226.0,168.86,76.48,65.67,29.83,1004.0,82916.0,0.025,45.42,35.608,38.3,15.413,9.732,54225.446,1.2,151.089,10.79,19.1,24.6,,2.77,78.86,0.926,338289856,,,,
404233,USA,North America,United States,2022-02-25,77875856.0,0.0,101165.143,934116.0,0.0,2196.0,228017.84,0.0,296.208,2735.06,0.0,6.43,0.59,8605.0,25.437,42035.0,124.257,,,36937.0,109.187,823971491.0,1132354.0,2445.036,3.36,1006412.0,2.986,0.046,21.7,tests performed,561041040.0,254003277.0,218151036.0,99219840.0,398932.0,314175.0,168.98,76.5,65.71,29.88,946.0,78886.0,0.024,45.41,35.608,38.3,15.413,9.732,54225.446,1.2,151.089,10.79,19.1,24.6,,2.77,78.86,0.926,338289856,,,,
404234,USA,North America,United States,2022-02-26,77875856.0,0.0,101165.143,934116.0,0.0,2196.0,228017.84,0.0,296.208,2735.06,0.0,6.43,0.62,7998.0,23.642,39278.0,116.108,,,35208.0,104.076,824675471.0,703980.0,2447.125,2.089,978555.0,2.904,0.045,22.2,tests performed,561286587.0,254068181.0,218216309.0,99330843.0,245547.0,308529.0,169.06,76.52,65.73,29.92,929.0,77566.0,0.023,45.41,35.608,38.3,15.413,9.732,54225.446,1.2,151.089,10.79,19.1,24.6,,2.77,78.86,0.926,338289856,,,,
404235,USA,North America,United States,2022-02-27,78334128.0,458272.0,65467.429,947162.0,13046.0,1863.714,229359.66,1341.805,191.686,2773.258,38.198,5.457,0.62,7595.0,22.451,37964.0,112.223,,,33745.0,99.752,825098976.0,423505.0,2448.382,1.257,973413.0,2.888,0.043,23.3,tests performed,561411021.0,254102085.0,218248519.0,99386618.0,124434.0,304033.0,169.1,76.53,65.74,29.93,916.0,76389.0,0.023,45.41,35.608,38.3,15.413,9.732,54225.446,1.2,151.089,10.79,19.1,24.6,,2.77,78.86,0.926,338289856,1118188.6,17.48,8.69,3305.4158
404236,USA,North America,United States,2022-02-28,78334128.0,0.0,65467.429,947162.0,0.0,1863.714,229359.66,0.0,191.686,2773.258,0.0,5.457,0.62,7358.0,21.751,36982.0,109.32,,,32382.0,95.723,825994580.0,895604.0,2451.04,2.658,999030.0,2.965,0.041,24.4,tests performed,561731241.0,254178133.0,218330536.0,99544630.0,320220.0,304019.0,169.19,76.56,65.76,29.98,916.0,75895.0,0.023,37.1,35.608,38.3,15.413,9.732,54225.446,1.2,151.089,10.79,19.1,24.6,,2.77,78.86,0.926,338289856,,,,
404237,USA,North America,United States,2022-03-01,78334128.0,0.0,65467.429,947162.0,0.0,1863.714,229359.66,0.0,191.686,2773.258,0.0,5.457,0.61,7148.0,21.13,35342.0,104.473,,,30818.0,91.099,827271976.0,1277396.0,2454.83,3.791,1006810.0,2.988,0.038,26.3,tests performed,562016477.0,254246658.0,218405016.0,99681705.0,285236.0,293677.0,169.28,76.58,65.78,30.02,885.0,72738.0,0.022,37.1,35.608,38.3,15.413,9.732,54225.446,1.2,151.089,10.79,19.1,24.6,,2.77,78.86,0.926,338289856,,,,
404238,USA,North America,United States,2022-03-02,78334128.0,0.0,65467.429,947162.0,0.0,1863.714,229359.66,0.0,191.686,2773.258,0.0,5.457,0.59,6797.0,20.092,33770.0,99.826,,,29323.0,86.68,828517572.0,1245596.0,2458.526,3.696,987868.0,2.931,0.035,28.6,tests performed,562278498.0,254313106.0,218477293.0,99802100.0,262021.0,281434.0,169.36,76.6,65.8,30.06,848.0,69759.0,0.021,37.09,35.608,38.3,15.413,9.732,54225.446,1.2,151.089,10.79,19.1,24.6,,2.77,78.86,0.926,338289856,,,,
404239,USA,North America,United States,2022-03-03,78334128.0,0.0,65467.429,947162.0,0.0,1863.714,229359.66,0.0,191.686,2773.258,0.0,5.457,0.59,6488.0,19.179,31996.0,94.582,,,28043.0,82.896,829726397.0,1208825.0,2462.113,3.587,983894.0,2.92,0.033,30.3,tests performed,562536557.0,254377907.0,218547345.0,99922782.0,258059.0,270636.0,169.43,76.62,65.83,30.1,815.0,67190.0,0.02,34.65,35.608,38.3,15.413,9.732,54225.446,1.2,151.089,10.79,19.1,24.6,,2.77,78.86,0.926,338289856,,,,
404240,USA,North America,United States,2022-03-04,78334128.0,0.0,65467.429,947162.0,0.0,1863.714,229359.66,0.0,191.686,2773.258,0.0,5.457,0.6,6039.0,17.852,29869.0,88.294,,,26759.0,79.101,830796369.0,1069972.0,2465.289,3.175,974983.0,2.893,0.031,32.3,tests performed,562860566.0,254457195.0,218636995.0,100073210.0,324009.0,259932.0,169.53,76.64,65.85,30.14,783.0,64845.0,0.02,34.64,35.608,38.3,15.413,9.732,54225.446,1.2,151.089,10.79,19.1,24.6,,2.77,78.86,0.926,338289856,,,,
404241,USA,North America,United States,2022-03-05,78334128.0,0.0,65467.429,947162.0,0.0,1863.714,229359.66,0.0,191.686,2773.258,0.0,5.457,0.62,5681.0,16.793,27801.0,82.181,,,25644.0,75.805,831464823.0,668454.0,2467.272,1.984,969907.0,2.878,0.03,33.3,tests performed,563044675.0,254506584.0,218689507.0,100152203.0,184109.0,251155.0,169.59,76.66,65.87,30.17,756.0,62629.0,0.019,34.64,35.608,38.3,15.413,9.732,54225.446,1.2,151.089,10.79,19.1,24.6,,2.77,78.86,0.926,338289856,,,,
404242,USA,North America,United States,2022-03-06,78666637.0,332509.0,47501.286,956840.0,9678.0,1382.571,230333.22,973.575,139.082,2801.595,28.337,4.048,0.64,5492.0,16.235,27011.0,79.846,,,24766.0,73.209,831820318.0,355495.0,2468.327,1.055,960192.0,2.849,0.029,34.5,tests performed,563134718.0,254532794.0,218714464.0,100189314.0,90043.0,246242.0,169.61,76.66,65.88,30.18,742.0,61530.0,0.019,34.64,35.608,38.3,15.413,9.732,54225.446,1.2,151.089,10.79,19.1,24.6,,2.77,78.86,0.926,338289856,1122137.9,17.38,6.53,3317.0898
404243,USA,North America,United States,2022-03-07,78666637.0,0.0,47501.286,956840.0,0.0,1382.571,230333.22,0.0,139.082,2801.595,0.0,4.048,0.65,5345.0,15.8,26401.0,78.043,,,23926.0,70.726,832613626.0,793308.0,2470.681,2.354,945578.0,2.806,0.028,35.7,tests performed,563349201.0,254589647.0,218770180.0,100288717.0,214483.0,231137.0,169.68,76.68,65.89,30.21,696.0,58788.0,0.018,34.63,35.608,38.3,15.413,9.732,54225.446,1.2,151.089,10.79,19.1,24.6,,2.77,78.86,0.926,338289856,,,,
404244,USA,North America,United States,2022-03-08,78666637.0,0.0,47501.286,956840.0,0.0,1382.571,230333.22,0.0,139.082,2801.595,0.0,4.048,0.65,4988.0,14.745,25188.0,74.457,,,22709.0,67.129,833822537.0,1208911.0,2474.268,3.587,935794.0,2.777,0.027,37.0,tests performed,563566957.0,254644752.0,218829339.0,100389828.0,217756.0,221497.0,169.74,76.7,65.91,30.24,667.0,56871.0,0.017,34.63,35.608,38.3,15.413,9.732,54225.446,1.2,151.089,10.79,19.1,24.6,,2.77,78.86,0.926,338289856,,,,
404245,USA,North America,United States,2022-03-09,78666637.0,0.0,47501.286,956840.0,0.0,1382.571,230333.22,0.0,139.082,2801.595,0.0,4.048,0.66,4743.0,14.021,24175.0,71.462,,,21485.0,63.511,834962148.0,1139611.0,2477.65,3.382,920654.0,2.732,0.025,40.0,tests performed,563783622.0,254700702.0,218889284.0,100488000.0,216665.0,215018.0,169.81,76.72,65.93,30.27,648.0,55371.0,0.017,34.62,35.608,38.3,15.413,9.732,54225.446,1.2,151.089,10.79,19.1,24.6,,2.77,78.86,0.926,338289856,,,,
404246,USA,North America,United States,2022-03-10,78666637.0,0.0,47501.286,956840.0,0.0,1382.571,230333.22,0.0,139.082,2801.595,0.0,4.048,0.68,4440.0,13.125,22841.0,67.519,,,20450.0,60.451,835976902.0,1014754.0,2480.661,3.011,892929.0,2.65,0.025,40.0,tests performed,564000370.0,254755409.0,218949557.0,100587387.0,216748.0,209116.0,169.88,76.73,65.95,30.3,630.0,53929.0,0.016,34.62,35.608,38.3,15.413,9.732,54225.446,1.2,151.089,10.79,19.1,24.6,,2.77,78.86,0.926,338289856,,,,
404247,USA,North America,United States,2022-03-11,78666637.0,0.0,47501.286,956840.0,0.0,1382.571,230333.22,0.0,139.082,2801.595,0.0,4.048,0.71,4174.0,12.339,21501.0,63.558,,,19560.0,57.82,836978185.0,1001283.0,2483.632,2.971,883117.0,2.621,0.024,41.7,tests performed,564263628.0,254819594.0,219024245.0,100707619.0,263258.0,200437.0,169.95,76.75,65.97,30.33,604.0,51771.0,0.016,34.61,35.608,38.3,15.413,9.732,54225.446,1.2,151.089,10.79,19.1,24.6,,2.77,78.86,0.926,338289856,,,,
404248,USA,North America,United States,2022-03-12,78666637.0,0.0,47501.286,956840.0,0.0,1382.571,230333.22,0.0,139.082,2801.595,0.0,4.048,0.72,3882.0,11.475,20232.0,59.807,,,18764.0,55.467,837611294.0,633109.0,2485.511,1.879,878067.0,2.606,0.023,43.5,tests performed,564407241.0,254858813.0,219065832.0,100767953.0,143613.0,194652.0,170.0,76.76,65.98,30.35,586.0,50318.0,0.015,34.61,35.608,38.3,15.413,9.732,54225.446,1.2,151.089,10.79,19.1,24.6,,2.77,78.86,0.926,338289856,,,,
404249,USA,North America,United States,2022-03-13,78900969.0,234332.0,33476.0,965446.0,8606.0,1229.429,231019.34,686.116,98.017,2826.793,25.198,3.6,0.74,3777.0,11.165,19546.0,57.779,,,18008.0,53.232,837963317.0,352023.0,2486.556,1.045,877571.0,2.604,0.022,45.5,tests performed,564482230.0,254880482.0,219086931.0,100798614.0,74989.0,192502.0,170.02,76.77,65.99,30.36,580.0,49670.0,0.015,34.6,35.608,38.3,15.413,9.732,54225.446,1.2,151.089,10.79,19.1,24.6,,2.77,78.86,0.926,338289856,1123149.1,17.23,1.66,3320.0793
404250,USA,North America,United States,2022-03-14,78900969.0,0.0,33476.0,965446.0,0.0,1229.429,231019.34,0.0,98.017,2826.793,0.0,3.6,0.75,3681.0,10.881,19020.0,56.224,,,17264.0,51.033,838758789.0,795472.0,2488.916,2.36,877880.0,2.605,0.022,45.5,tests performed,564680597.0,254932186.0,219138987.0,100889839.0,198367.0,190199.0,170.08,76.78,66.0,30.39,573.0,48934.0,0.015,34.6,35.608,38.3,15.413,9.732,54225.446,1.2,151.089,10.79,19.1,24.6,,2.77,78.86,0.926,338289856,,,,
404251,USA,North America,United States,2022-03-15,78900969.0,0.0,33476.0,965446.0,0.0,1229.429,231019.34,0.0,98.017,2826.793,0.0,3.6,0.79,3504.0,10.358,18519.0,54.743,,,16719.0,49.422,839984557.0,1225768.0,2492.553,3.637,880289.0,2.612,0.022,45.5,tests performed,564888705.0,254985011.0,219192348.0,100987719.0,208108.0,188821.0,170.14,76.8,66.02,30.42,569.0,48608.0,0.015,34.6,35.608,38.3,15.413,9.732,54225.446,1.2,151.089,10.79,19.1,24.6,,2.77,78.86,0.926,338289856,,,,
404252,USA,North America,United States,2022-03-16,78900969.0,0.0,33476.0,965446.0,0.0,1229.429,231019.34,0.0,98.017,2826.793,0.0,3.6,0.82,3453.0,10.207,17945.0,53.046,,,16137.0,47.702,841183223.0,1198666.0,2496.11,3.557,888725.0,2.637,0.021,47.6,tests performed,565100185.0,255039568.0,219245562.0,101087723.0,211480.0,188080.0,170.21,76.82,66.04,30.45,566.0,48409.0,0.015,38.31,35.608,38.3,15.413,9.732,54225.446,1.2,151.089,10.79,19.1,24.6,,2.77,78.86,0.926,338289856,,,,
404253,USA,North America,United States,2022-03-17,78900969.0,0.0,33476.0,965446.0,0.0,1229.429,231019.34,0.0,98.017,2826.793,0.0,3.6,0.84,3296.0,9.743,17394.0,51.417,,,15542.0,45.943,842290190.0,1106967.0,2499.395,3.285,901898.0,2.676,0.021,47.6,tests performed,565301461.0,255090393.0,219294552.0,101185399.0,201276.0,185870.0,170.27,76.83,66.05,30.48,560.0,47855.0,0.014,38.31,35.608,38.3,15.413,9.732,54225.446,1.2,151.089,10.79,19.1,24.6,,2.77,78.86,0.926,338289856,,,,
404254,USA,North America,United States,2022-03-18,78900969.0,0.0,33476.0,965446.0,0.0,1229.429,231019.34,0.0,98.017,2826.793,0.0,3.6,0.83,3129.0,9.249,16540.0,48.893,,,14986.0,44.299,843300968.0,1010778.0,2502.394,2.999,903255.0,2.68,0.021,47.6,tests performed,565558018.0,255153301.0,219357035.0,101311618.0,256557.0,184913.0,170.34,76.85,66.07,30.51,557.0,47672.0,0.014,38.31,35.608,38.3,15.413,9.732,54225.446,1.2,151.089,10.79,19.1,24.6,,2.77,78.86,0.926,338289856,,,,
404255,USA,North America,United States,2022-03-19,78900969.0,0.0,33476.0,965446.0,0.0,1229.429,231019.34,0.0,98.017,2826.793,0.0,3.6,0.85,3040.0,8.986,15659.0,46.289,,,14417.0,42.617,843913936.0,612968.0,2504.213,1.819,900377.0,2.672,0.021,47.6,tests performed,565704746.0,255192370.0,219394313.0,101378452.0,146728.0,185358.0,170.39,76.86,66.08,30.53,558.0,47651.0,0.014,38.3,35.608,38.3,15.413,9.732,54225.446,1.2,151.089,10.79,19.1,24.6,,2.77,78.86,0.926,338289856,,,,
404256,USA,North America,United States,2022-03-20,79109709.0,208740.0,29820.0,968691.0,3245.0,463.571,231630.53,611.184,87.312,2836.294,9.501,1.357,0.86,2937.0,8.682,15341.0,45.349,,,14085.0,41.636,844268636.0,354700.0,2505.266,1.053,900760.0,2.673,0.021,47.6,tests performed,565781754.0,255215101.0,219412342.0,101412800.0,77008.0,185646.0,170.41,76.87,66.09,30.55,559.0,47803.0,0.014,38.3,35.608,38.3,15.413,9.732,54225.446,1.2,151.089,10.79,19.1,24.6,,2.77,78.86,0.926,338289856,1123825.1,17.09,1.13,3322.0776
404257,USA,North America,United States,2022-03-21,79109709.0,0.0,29820.0,968691.0,0.0,463.571,231630.53,0.0,87.312,2836.294,0.0,1.357,0.87,2869.0,8.481,15071.0,44.551,,,13811.0,40.826,845046988.0,778352.0,2507.576,2.31,898314.0,2.666,0.022,45.5,tests performed,565973887.0,255267138.0,219457842.0,101504245.0,192133.0,184756.0,170.47,76.89,66.1,30.57,556.0,47850.0,0.014,38.3,35.608,38.3,15.413,9.732,54225.446,1.2,151.089,10.79,19.1,24.6,,2.77,78.86,0.926,338289856,,,,
404258,USA,North America,United States,2022-03-22,79109709.0,0.0,29820.0,968691.0,0.0,463.571,231630.53,0.0,87.312,2836.294,0.0,1.357,0.88,2738.0,8.094,14553.0,43.019,,,13331.0,39.407,846192404.0,1145416.0,2510.974,3.399,886835.0,2.632,0.022,45.5,tests performed,566159708.0,255315419.0,219502329.0,101594552.0,185821.0,181572.0,170.53,76.9,66.11,30.6,547.0,47201.0,0.014,38.29,35.608,38.3,15.413,9.732,54225.446,1.2,151.089,10.79,19.1,24.6,,2.77,78.86,0.926,338289856,,,,
404259,USA,North America,United States,2022-03-23,79109709.0,0.0,29820.0,968691.0,0.0,463.571,231630.53,0.0,87.312,2836.294,0.0,1.357,0.9,2593.0,7.665,14170.0,41.887,,,13015.0,38.473,847300512.0,1108108.0,2514.263,3.288,873898.0,2.593,0.022,45.5,tests performed,566355586.0,255368147.0,219549440.0,101687735.0,195878.0,179343.0,170.58,76.92,66.13,30.63,540.0,46940.0,0.014,38.29,35.608,38.3,15.413,9.732,54225.446,1.2,151.089,10.79,19.1,24.6,,2.77,78.86,0.926,338289856,,,,
404260,USA,North America,United States,2022-03-24,79109709.0,0.0,29820.0,968691.0,0.0,463.571,231630.53,0.0,87.312,2836.294,0.0,1.357,0.92,2499.0,7.387,13623.0,40.27,,,12645.0,37.379,848291349.0,990837.0,2517.203,2.94,857308.0,2.544,0.023,43.5,tests performed,566547055.0,255421101.0,219593190.0,101779547.0,191469.0,177942.0,170.64,76.93,66.14,30.66,536.0,47244.0,0.014,38.28,35.608,38.3,15.413,9.732,54225.446,1.2,151.089,10.79,19.1,24.6,,2.77,78.86,0.926,338289856,,,,
404261,USA,North America,United States,2022-03-25,79109709.0,0.0,29820.0,968691.0,0.0,463.571,231630.53,0.0,87.312,2836.294,0.0,1.357,0.93,2314.0,6.84,13100.0,38.724,,,12317.0,36.41,849262770.0,971421.0,2520.085,2.883,851686.0,2.527,0.023,43.5,tests performed,566782151.0,255483048.0,219649084.0,101892340.0,235096.0,174876.0,170.71,76.95,66.16,30.69,527.0,47107.0,0.014,38.28,35.608,38.3,15.413,9.732,54225.446,1.2,151.089,10.79,19.1,24.6,,2.77,78.86,0.926,338289856,,,,
404262,USA,North America,United States,2022-03-26,79109709.0,0.0,29820.0,968691.0,0.0,463.571,231630.53,0.0,87.312,2836.294,0.0,1.357,0.94,2214.0,6.545,12574.0,37.169,,,12191.0,36.037,849891566.0,628796.0,2521.951,1.866,853947.0,2.534,0.023,43.5,tests performed,566907330.0,255517169.0,219679700.0,101949674.0,125179.0,171798.0,170.75,76.96,66.17,30.71,517.0,46400.0,0.014,38.27,35.608,38.3,15.413,9.732,54225.446,1.2,151.089,10.79,19.1,24.6,,2.77,78.86,0.926,338289856,,,,
404263,USA,North America,United States,2022-03-27,79303178.0,193469.0,27638.429,973682.0,4991.0,713.0,232196.98,566.471,80.924,2850.908,14.613,2.088,0.94,2170.0,6.415,12203.0,36.073,,,12042.0,35.597,850227637.0,336071.0,2522.948,0.997,851286.0,2.526,0.023,43.5,tests performed,566972545.0,255535508.0,219694844.0,101979788.0,65215.0,170113.0,170.77,76.97,66.17,30.72,512.0,45772.0,0.014,38.27,35.608,38.3,15.413,9.732,54225.446,1.2,151.089,10.79,19.1,24.6,,2.77,78.86,0.926,338289856,1122845.1,16.92,-1.65,3319.1807
404264,USA,North America,United States,2022-03-28,79303178.0,0.0,27638.429,973682.0,0.0,713.0,232196.98,0.0,80.924,2850.908,0.0,2.088,0.94,2134.0,6.308,12094.0,35.75,,,11847.0,35.02,850934608.0,706971.0,2525.046,2.098,841089.0,2.496,0.024,41.7,tests performed,567147602.0,255585829.0,219733681.0,102062773.0,175057.0,167674.0,170.82,76.98,66.18,30.74,505.0,45527.0,0.014,38.27,35.608,38.3,15.413,9.732,54225.446,1.2,151.089,10.79,19.1,24.6,,2.77,78.86,0.926,338289856,,,,
404265,USA,North America,United States,2022-03-29,79303178.0,0.0,27638.429,973682.0,0.0,713.0,232196.98,0.0,80.924,2850.908,0.0,2.088,0.94,2091.0,6.181,11810.0,34.911,,,11572.0,34.207,851988727.0,1054119.0,2528.174,3.128,828046.0,2.457,0.025,40.0,tests performed,567347383.0,255632458.0,219774147.0,102172096.0,199781.0,169668.0,170.88,77.0,66.2,30.77,511.0,45291.0,0.014,38.26,35.608,38.3,15.413,9.732,54225.446,1.2,151.089,10.79,19.1,24.6,,2.77,78.86,0.926,338289856,,,,
404266,USA,North America,United States,2022-03-30,79303178.0,0.0,27638.429,973682.0,0.0,713.0,232196.98,0.0,80.924,2850.908,0.0,2.088,0.95,2026.0,5.989,11545.0,34.128,,,11227.0,33.188,853046155.0,1057428.0,2531.312,3.138,820806.0,2.436,0.025,40.0,tests performed,567752614.0,255692531.0,219832419.0,102450514.0,405231.0,199575.0,171.01,77.01,66.21,30.86,601.0,46341.0,0.014,29.88,35.608,38.3,15.413,9.732,54225.446,1.2,151.089,10.79,19.1,24.6,,2.77,78.86,0.926,338289856,,,,
404267,USA,North America,United States,2022-03-31,79303178.0,0.0,27638.429,973682.0,0.0,713.0,232196.98,0.0,80.924,2850.908,0.0,2.088,0.96,1949.0,5.761,11294.0,33.386,,,11023.0,32.584,853999907.0,953752.0,2534.142,2.83,815508.0,2.42,0.026,38.5,tests performed,568312182.0,255767644.0,219898973.0,102856397.0,559568.0,252161.0,171.17,77.04,66.23,30.98,760.0,49506.0,0.015,29.87,35.608,38.3,15.413,9.732,54225.446,1.2,151.089,10.79,19.1,24.6,,2.77,78.86,0.926,338289856,,,,
